DATE ADDED TO CATALOG	PUBMEDID	FIRST AUTHOR	DATE	JOURNAL	LINK	STUDY	DISEASE/TRAIT	INITIAL SAMPLE SIZE	REPLICATION SAMPLE SIZE	REGION	CHR_ID	CHR_POS	REPORTED GENE(S)	MAPPED_GENE	UPSTREAM_GENE_ID	DOWNSTREAM_GENE_ID	SNP_GENE_IDS	UPSTREAM_GENE_DISTANCE	DOWNSTREAM_GENE_DISTANCE	STRONGEST SNP-RISK ALLELE	SNPS	MERGED	SNP_ID_CURRENT	CONTEXT	INTERGENIC	RISK ALLELE FREQUENCY	P-VALUE	PVALUE_MLOG	P-VALUE (TEXT)	OR or BETA	95% CI (TEXT)	PLATFORM [SNPS PASSING QC]	CNV	MAPPED_TRAIT	MAPPED_TRAIT_URI	STUDY ACCESSION	GENOTYPING TECHNOLOGY
2018-08-03	29031612	Hirata J	2017-10-12	J Invest Dermatol	www.ncbi.nlm.nih.gov/pubmed/29031612	Variants at HLA-A, HLA-C, and HLA-DQB1 Confer Risk of Psoriasis Vulgaris in Japanese.	Psoriasis vulgaris	282 Japanese ancestry cases, 426 Japanese ancestry controls	320 Japanese ancestry cases, 1,622 Japanese ancestry controls	5q33.1	5	151087628	TNIP1	TNIP1			ENSG00000145901			rs2233278-C	rs2233278	0	2233278	5_prime_UTR_variant	0	0.090	4E-10	9.397940008672037		1.96	[1.59-2.41]	Illumina [6369185] (imputed)	N	psoriasis vulgaris	http://www.ebi.ac.uk/efo/EFO_1001494	GCST006036	Genome-wide genotyping array
2018-08-03	29031612	Hirata J	2017-10-12	J Invest Dermatol	www.ncbi.nlm.nih.gov/pubmed/29031612	Variants at HLA-A, HLA-C, and HLA-DQB1 Confer Risk of Psoriasis Vulgaris in Japanese.	Psoriasis vulgaris	282 Japanese ancestry cases, 426 Japanese ancestry controls	320 Japanese ancestry cases, 1,622 Japanese ancestry controls	6p21.33	6	31014767	HLA	MUC22			ENSG00000261272			rs9394026-G	rs9394026	0	9394026	intron_variant	0	0.197	7E-15	14.154901959985743		1.86	[1.59-2.18]	Illumina [6369185] (imputed)	N	psoriasis vulgaris	http://www.ebi.ac.uk/efo/EFO_1001494	GCST006036	Genome-wide genotyping array
2016-10-14	26626624	Stuart PE	2015-11-28	Am J Hum Genet	www.ncbi.nlm.nih.gov/pubmed/26626624	Genome-wide Association Analysis of Psoriatic Arthritis and Cutaneous Psoriasis Reveals Differences in Their Genetic Architecture.	Psoriasis vulgaris	4,007 European ancestry cases, 4,934 European ancestry controls	up to 9,075 European ancestry cases, up to European ancestry 12,726 controls	3p24.3	3	16954543	PLCL2	PLCL2			ENSG00000154822			rs4685408-G	rs4685408	0	4685408	intron_variant	0	NR	2E-7	6.698970004336019		1.12	NR	Illumina [up to 11532644] (imputed)	N	psoriasis vulgaris	http://www.ebi.ac.uk/efo/EFO_1001494	GCST003268	Genome-wide genotyping array
2016-10-14	26626624	Stuart PE	2015-11-28	Am J Hum Genet	www.ncbi.nlm.nih.gov/pubmed/26626624	Genome-wide Association Analysis of Psoriatic Arthritis and Cutaneous Psoriasis Reveals Differences in Their Genetic Architecture.	Psoriasis vulgaris	4,007 European ancestry cases, 4,934 European ancestry controls	up to 9,075 European ancestry cases, up to European ancestry 12,726 controls	3q12.3	3	101896982	NFKBIZ	NFKBIZ - RDUR	ENSG00000144802	ENSG00000214407		35960	43877	rs4683946-G	rs4683946	0	4683946	intron_variant	1	0.8029	7E-8	7.154901959985743		1.16	NR	Illumina [up to 11532644] (imputed)	N	psoriasis vulgaris	http://www.ebi.ac.uk/efo/EFO_1001494	GCST003268	Genome-wide genotyping array
2016-10-14	26626624	Stuart PE	2015-11-28	Am J Hum Genet	www.ncbi.nlm.nih.gov/pubmed/26626624	Genome-wide Association Analysis of Psoriatic Arthritis and Cutaneous Psoriasis Reveals Differences in Their Genetic Architecture.	Psoriasis vulgaris	4,007 European ancestry cases, 4,934 European ancestry controls	up to 9,075 European ancestry cases, up to European ancestry 12,726 controls	6p22.3	6	20678199	CDKAL1	CDKAL1			ENSG00000145996			rs4712528-C	rs4712528	0	4712528	intron_variant	0	0.7815	8E-11	10.096910013008056		1.16	NR	Illumina [up to 11532644] (imputed)	N	psoriasis vulgaris	http://www.ebi.ac.uk/efo/EFO_1001494	GCST003268	Genome-wide genotyping array
2016-10-14	26626624	Stuart PE	2015-11-28	Am J Hum Genet	www.ncbi.nlm.nih.gov/pubmed/26626624	Genome-wide Association Analysis of Psoriatic Arthritis and Cutaneous Psoriasis Reveals Differences in Their Genetic Architecture.	Psoriasis vulgaris	4,007 European ancestry cases, 4,934 European ancestry controls	up to 9,075 European ancestry cases, up to European ancestry 12,726 controls	10q22.2	10	73894114	CAMK2G	CAMK2G - PLAU	ENSG00000148660	ENSG00000122861		19523	15063	rs2675669-T	rs2675669	0	2675669	intergenic_variant	1	0.5718	4E-11	10.397940008672037		1.13	NR	Illumina [up to 11532644] (imputed)	N	psoriasis vulgaris	http://www.ebi.ac.uk/efo/EFO_1001494	GCST003268	Genome-wide genotyping array
2016-10-14	26626624	Stuart PE	2015-11-28	Am J Hum Genet	www.ncbi.nlm.nih.gov/pubmed/26626624	Genome-wide Association Analysis of Psoriatic Arthritis and Cutaneous Psoriasis Reveals Differences in Their Genetic Architecture.	Psoriasis vulgaris	4,007 European ancestry cases, 4,934 European ancestry controls	up to 9,075 European ancestry cases, up to European ancestry 12,726 controls	3p26.1	3	4978778	BHLHE40	BHLHE40-AS1			ENSG00000235831			rs12489120-C	rs12489120	0	12489120	intron_variant	0	NR	3E-7	6.522878745280337		1.3	NR	Illumina [up to 11532644] (imputed)	N	psoriasis vulgaris	http://www.ebi.ac.uk/efo/EFO_1001494	GCST003268	Genome-wide genotyping array
2016-10-14	26626624	Stuart PE	2015-11-28	Am J Hum Genet	www.ncbi.nlm.nih.gov/pubmed/26626624	Genome-wide Association Analysis of Psoriatic Arthritis and Cutaneous Psoriasis Reveals Differences in Their Genetic Architecture.	Psoriasis vulgaris	4,007 European ancestry cases, 4,934 European ancestry controls	up to 9,075 European ancestry cases, up to European ancestry 12,726 controls	9q31.2	9	108054739	KLF4	RPL31P43 - CHCHD4P2	ENSG00000213557	ENSG00000237360		14147	42693	rs10979182-A	rs10979182	0	10979182	intergenic_variant	1	NR	3E-6	5.522878745280337		1.106	NR	Illumina [up to 11532644] (imputed)	N	psoriasis vulgaris	http://www.ebi.ac.uk/efo/EFO_1001494	GCST003268	Genome-wide genotyping array
2016-10-14	26626624	Stuart PE	2015-11-28	Am J Hum Genet	www.ncbi.nlm.nih.gov/pubmed/26626624	Genome-wide Association Analysis of Psoriatic Arthritis and Cutaneous Psoriasis Reveals Differences in Their Genetic Architecture.	Psoriasis vulgaris	4,007 European ancestry cases, 4,934 European ancestry controls	up to 9,075 European ancestry cases, up to European ancestry 12,726 controls	9p21.1	9	32523739	DDX58	RIGI			ENSG00000107201			rs11795343-T	rs11795343	0	11795343	intron_variant	0	NR	6E-6	5.221848749616356		1.101	NR	Illumina [up to 11532644] (imputed)	N	psoriasis vulgaris	http://www.ebi.ac.uk/efo/EFO_1001494	GCST003268	Genome-wide genotyping array
2016-10-14	26626624	Stuart PE	2015-11-28	Am J Hum Genet	www.ncbi.nlm.nih.gov/pubmed/26626624	Genome-wide Association Analysis of Psoriatic Arthritis and Cutaneous Psoriasis Reveals Differences in Their Genetic Architecture.	Psoriasis vulgaris	4,007 European ancestry cases, 4,934 European ancestry controls	up to 9,075 European ancestry cases, up to European ancestry 12,726 controls	10q22.2	10	73839369	CAMK2G	CAMK2G			ENSG00000148660			rs2675662-A	rs2675662	0	2675662	intron_variant	0	NR	3E-8	7.522878745280337		1.138	NR	Illumina [up to 11532644] (imputed)	N	psoriasis vulgaris	http://www.ebi.ac.uk/efo/EFO_1001494	GCST003268	Genome-wide genotyping array
2016-10-14	26626624	Stuart PE	2015-11-28	Am J Hum Genet	www.ncbi.nlm.nih.gov/pubmed/26626624	Genome-wide Association Analysis of Psoriatic Arthritis and Cutaneous Psoriasis Reveals Differences in Their Genetic Architecture.	Psoriasis vulgaris	4,007 European ancestry cases, 4,934 European ancestry controls	up to 9,075 European ancestry cases, up to European ancestry 12,726 controls	11q22.3	11	110091706	ZC3H12C	RDX			ENSG00000137710			rs4561177-A	rs4561177	0	4561177	intron_variant	0	NR	9E-9	8.045757490560675		1.139	NR	Illumina [up to 11532644] (imputed)	N	psoriasis vulgaris	http://www.ebi.ac.uk/efo/EFO_1001494	GCST003268	Genome-wide genotyping array
2016-10-14	26626624	Stuart PE	2015-11-28	Am J Hum Genet	www.ncbi.nlm.nih.gov/pubmed/26626624	Genome-wide Association Analysis of Psoriatic Arthritis and Cutaneous Psoriasis Reveals Differences in Their Genetic Architecture.	Psoriasis vulgaris	4,007 European ancestry cases, 4,934 European ancestry controls	up to 9,075 European ancestry cases, up to European ancestry 12,726 controls	11q13.1	11	64329761	PRDX5	PRDX5 - CCDC88B	ENSG00000126432	ENSG00000168071		7950	10443	rs694739-A	rs694739	0	694739	intron_variant	1	NR	2E-9	8.698970004336019		1.139	NR	Illumina [up to 11532644] (imputed)	N	psoriasis vulgaris	http://www.ebi.ac.uk/efo/EFO_1001494	GCST003268	Genome-wide genotyping array
2016-10-14	26626624	Stuart PE	2015-11-28	Am J Hum Genet	www.ncbi.nlm.nih.gov/pubmed/26626624	Genome-wide Association Analysis of Psoriatic Arthritis and Cutaneous Psoriasis Reveals Differences in Their Genetic Architecture.	Psoriasis vulgaris	4,007 European ancestry cases, 4,934 European ancestry controls	up to 9,075 European ancestry cases, up to European ancestry 12,726 controls	20q13.13	20	49939692	RNF114	RNF114			ENSG00000124226			rs1056198-C	rs1056198	0	1056198	intron_variant	0	NR	2E-12	11.698970004336019		1.159	NR	Illumina [up to 11532644] (imputed)	N	psoriasis vulgaris	http://www.ebi.ac.uk/efo/EFO_1001494	GCST003268	Genome-wide genotyping array
2016-10-14	26626624	Stuart PE	2015-11-28	Am J Hum Genet	www.ncbi.nlm.nih.gov/pubmed/26626624	Genome-wide Association Analysis of Psoriatic Arthritis and Cutaneous Psoriasis Reveals Differences in Their Genetic Architecture.	Psoriasis vulgaris	4,007 European ancestry cases, 4,934 European ancestry controls	up to 9,075 European ancestry cases, up to European ancestry 12,726 controls	2p15	2	62324337	B3GNT2	RN7SL51P - RN7SL18P	ENSG00000239958	ENSG00000241625		61666	166841	rs10865331-A	rs10865331	0	10865331	intron_variant	1	0.38	9E-12	11.045757490560675		1.155	NR	Illumina [up to 11532644] (imputed)	N	psoriasis vulgaris	http://www.ebi.ac.uk/efo/EFO_1001494	GCST003268	Genome-wide genotyping array
2016-10-14	26626624	Stuart PE	2015-11-28	Am J Hum Genet	www.ncbi.nlm.nih.gov/pubmed/26626624	Genome-wide Association Analysis of Psoriatic Arthritis and Cutaneous Psoriasis Reveals Differences in Their Genetic Architecture.	Psoriasis vulgaris	4,007 European ancestry cases, 4,934 European ancestry controls	up to 9,075 European ancestry cases, up to European ancestry 12,726 controls	16p11.2	16	30993491	PRSS53, FBXL19	STX1B			ENSG00000099365			rs12445568-C	rs12445568	0	12445568	splice_region_variant	0	NR	5E-11	10.301029995663981		1.159	NR	Illumina [up to 11532644] (imputed)	N	psoriasis vulgaris	http://www.ebi.ac.uk/efo/EFO_1001494	GCST003268	Genome-wide genotyping array
2016-10-14	26626624	Stuart PE	2015-11-28	Am J Hum Genet	www.ncbi.nlm.nih.gov/pubmed/26626624	Genome-wide Association Analysis of Psoriatic Arthritis and Cutaneous Psoriasis Reveals Differences in Their Genetic Architecture.	Psoriasis vulgaris	4,007 European ancestry cases, 4,934 European ancestry controls	up to 9,075 European ancestry cases, up to European ancestry 12,726 controls	10q22.3	10	79273128	ZMIZ1	ZMIZ1			ENSG00000108175			rs1250544-G	rs1250544	0	1250544	intron_variant	0	NR	1E-7	7.0		1.128	NR	Illumina [up to 11532644] (imputed)	N	psoriasis vulgaris	http://www.ebi.ac.uk/efo/EFO_1001494	GCST003268	Genome-wide genotyping array
2016-10-14	26626624	Stuart PE	2015-11-28	Am J Hum Genet	www.ncbi.nlm.nih.gov/pubmed/26626624	Genome-wide Association Analysis of Psoriatic Arthritis and Cutaneous Psoriasis Reveals Differences in Their Genetic Architecture.	Psoriasis vulgaris	4,007 European ancestry cases, 4,934 European ancestry controls	up to 9,075 European ancestry cases, up to European ancestry 12,726 controls	14q13.2	14	35383280	NFKBIA	PSMA6 - RPLP0P3	ENSG00000100902	ENSG00000240023		65787	4841	rs12884468-G	rs12884468	0	12884468	intergenic_variant	1	NR	3E-11	10.522878745280337		1.159	NR	Illumina [up to 11532644] (imputed)	N	psoriasis vulgaris	http://www.ebi.ac.uk/efo/EFO_1001494	GCST003268	Genome-wide genotyping array
2016-10-14	26626624	Stuart PE	2015-11-28	Am J Hum Genet	www.ncbi.nlm.nih.gov/pubmed/26626624	Genome-wide Association Analysis of Psoriatic Arthritis and Cutaneous Psoriasis Reveals Differences in Their Genetic Architecture.	Psoriasis vulgaris	4,007 European ancestry cases, 4,934 European ancestry controls	up to 9,075 European ancestry cases, up to European ancestry 12,726 controls	5q31.1	5	132660753	IL13, IL4	IL13, TH2LCRR			ENSG00000169194, ENSG00000223442			rs1295685-G	rs1295685	0	1295685	3_prime_UTR_variant	0	0.7852	3E-14	13.522878745280337		1.216	NR	Illumina [up to 11532644] (imputed)	N	psoriasis vulgaris	http://www.ebi.ac.uk/efo/EFO_1001494	GCST003268	Genome-wide genotyping array
2016-10-14	26626624	Stuart PE	2015-11-28	Am J Hum Genet	www.ncbi.nlm.nih.gov/pubmed/26626624	Genome-wide Association Analysis of Psoriatic Arthritis and Cutaneous Psoriasis Reveals Differences in Their Genetic Architecture.	Psoriasis vulgaris	4,007 European ancestry cases, 4,934 European ancestry controls	up to 9,075 European ancestry cases, up to European ancestry 12,726 controls	2q24.2	2	162404181	KCNH7, IFIH1	KCNH7			ENSG00000184611			rs17716942-T	rs17716942	0	17716942	intron_variant	0	NR	5E-13	12.301029995663981		1.288	NR	Illumina [up to 11532644] (imputed)	N	psoriasis vulgaris	http://www.ebi.ac.uk/efo/EFO_1001494	GCST003268	Genome-wide genotyping array
2016-10-14	26626624	Stuart PE	2015-11-28	Am J Hum Genet	www.ncbi.nlm.nih.gov/pubmed/26626624	Genome-wide Association Analysis of Psoriatic Arthritis and Cutaneous Psoriasis Reveals Differences in Their Genetic Architecture.	Psoriasis vulgaris	4,007 European ancestry cases, 4,934 European ancestry controls	up to 9,075 European ancestry cases, up to European ancestry 12,726 controls	22q11.21	22	21574352	YDJC	UBE2L3			ENSG00000185651			rs181359-A	rs181359	0	181359	intron_variant	0	NR	2E-7	6.698970004336019		1.158	NR	Illumina [up to 11532644] (imputed)	N	psoriasis vulgaris	http://www.ebi.ac.uk/efo/EFO_1001494	GCST003268	Genome-wide genotyping array
2016-10-14	26626624	Stuart PE	2015-11-28	Am J Hum Genet	www.ncbi.nlm.nih.gov/pubmed/26626624	Genome-wide Association Analysis of Psoriatic Arthritis and Cutaneous Psoriasis Reveals Differences in Their Genetic Architecture.	Psoriasis vulgaris	4,007 European ancestry cases, 4,934 European ancestry controls	up to 9,075 European ancestry cases, up to European ancestry 12,726 controls	12q13.3	12	56356420	STAT2, IL23A	STAT2			ENSG00000170581			rs2066819-C	rs2066819	0	2066819	non_coding_transcript_exon_variant	0	NR	4E-15	14.397940008672037		1.419	NR	Illumina [up to 11532644] (imputed)	N	psoriasis vulgaris	http://www.ebi.ac.uk/efo/EFO_1001494	GCST003268	Genome-wide genotyping array
2016-10-14	26626624	Stuart PE	2015-11-28	Am J Hum Genet	www.ncbi.nlm.nih.gov/pubmed/26626624	Genome-wide Association Analysis of Psoriatic Arthritis and Cutaneous Psoriasis Reveals Differences in Their Genetic Architecture.	Psoriasis vulgaris	4,007 European ancestry cases, 4,934 European ancestry controls	up to 9,075 European ancestry cases, up to European ancestry 12,726 controls	5q33.1	5	151087628	TNIP1	TNIP1			ENSG00000145901			rs2233278-C	rs2233278	0	2233278	5_prime_UTR_variant	0	NR	4E-37	36.39794000867204		1.658	NR	Illumina [up to 11532644] (imputed)	N	psoriasis vulgaris	http://www.ebi.ac.uk/efo/EFO_1001494	GCST003268	Genome-wide genotyping array
2016-10-14	26626624	Stuart PE	2015-11-28	Am J Hum Genet	www.ncbi.nlm.nih.gov/pubmed/26626624	Genome-wide Association Analysis of Psoriatic Arthritis and Cutaneous Psoriasis Reveals Differences in Their Genetic Architecture.	Psoriasis vulgaris	4,007 European ancestry cases, 4,934 European ancestry controls	up to 9,075 European ancestry cases, up to European ancestry 12,726 controls	7p14.1	7	37346633	ELMO1	ELMO1			ENSG00000155849			rs2700987-A	rs2700987	0	2700987	intron_variant	0	NR	3E-6	5.522878745280337		1.107	NR	Illumina [up to 11532644] (imputed)	N	psoriasis vulgaris	http://www.ebi.ac.uk/efo/EFO_1001494	GCST003268	Genome-wide genotyping array
2016-10-14	26626624	Stuart PE	2015-11-28	Am J Hum Genet	www.ncbi.nlm.nih.gov/pubmed/26626624	Genome-wide Association Analysis of Psoriatic Arthritis and Cutaneous Psoriasis Reveals Differences in Their Genetic Architecture.	Psoriasis vulgaris	4,007 European ancestry cases, 4,934 European ancestry controls	up to 9,075 European ancestry cases, up to European ancestry 12,726 controls	5q15	5	96783569	ERAP1	ERAP1			ENSG00000164307			rs27432-A	rs27432	0	27432	intron_variant	0	NR	1E-7	7.0		1.133	NR	Illumina [up to 11532644] (imputed)	N	psoriasis vulgaris	http://www.ebi.ac.uk/efo/EFO_1001494	GCST003268	Genome-wide genotyping array
2016-10-14	26626624	Stuart PE	2015-11-28	Am J Hum Genet	www.ncbi.nlm.nih.gov/pubmed/26626624	Genome-wide Association Analysis of Psoriatic Arthritis and Cutaneous Psoriasis Reveals Differences in Their Genetic Architecture.	Psoriasis vulgaris	4,007 European ancestry cases, 4,934 European ancestry controls	up to 9,075 European ancestry cases, up to European ancestry 12,726 controls	3q28	3	189897686	TP63	TP63 - P3H2	ENSG00000073282	ENSG00000090530		410	59042	rs28512356-C	rs28512356	0	28512356	TF_binding_site_variant	1	NR	3E-6	5.522878745280337		1.187	NR	Illumina [up to 11532644] (imputed)	N	psoriasis vulgaris	http://www.ebi.ac.uk/efo/EFO_1001494	GCST003268	Genome-wide genotyping array
2016-10-14	26626624	Stuart PE	2015-11-28	Am J Hum Genet	www.ncbi.nlm.nih.gov/pubmed/26626624	Genome-wide Association Analysis of Psoriatic Arthritis and Cutaneous Psoriasis Reveals Differences in Their Genetic Architecture.	Psoriasis vulgaris	4,007 European ancestry cases, 4,934 European ancestry controls	up to 9,075 European ancestry cases, up to European ancestry 12,726 controls	17q11.2	17	27797882	NOS2	NOS2			ENSG00000007171			rs28998802-A	rs28998802	0	28998802	intron_variant	0	0.143	3E-13	12.522878745280337		1.255	NR	Illumina [up to 11532644] (imputed)	N	psoriasis vulgaris	http://www.ebi.ac.uk/efo/EFO_1001494	GCST003268	Genome-wide genotyping array
2016-10-14	26626624	Stuart PE	2015-11-28	Am J Hum Genet	www.ncbi.nlm.nih.gov/pubmed/26626624	Genome-wide Association Analysis of Psoriatic Arthritis and Cutaneous Psoriasis Reveals Differences in Their Genetic Architecture.	Psoriasis vulgaris	4,007 European ancestry cases, 4,934 European ancestry controls	up to 9,075 European ancestry cases, up to European ancestry 12,726 controls	6q21	6	111592059	TRAF3IP2	TRAF3IP2, TRAF3IP2-AS1			ENSG00000056972, ENSG00000231889			rs33980500-T	rs33980500	0	33980500	missense_variant	0	NR	1E-23	23.0		1.44	NR	Illumina [up to 11532644] (imputed)	N	psoriasis vulgaris	http://www.ebi.ac.uk/efo/EFO_1001494	GCST003268	Genome-wide genotyping array
2016-10-14	26626624	Stuart PE	2015-11-28	Am J Hum Genet	www.ncbi.nlm.nih.gov/pubmed/26626624	Genome-wide Association Analysis of Psoriatic Arthritis and Cutaneous Psoriasis Reveals Differences in Their Genetic Architecture.	Psoriasis vulgaris	4,007 European ancestry cases, 4,934 European ancestry controls	up to 9,075 European ancestry cases, up to European ancestry 12,726 controls	19p13.2	19	10352442	TYK2	TYK2			ENSG00000105397			rs34536443-G	rs34536443	0	34536443	missense_variant	0	0.9527	1E-16	16.0		1.784	NR	Illumina [up to 11532644] (imputed)	N	psoriasis vulgaris	http://www.ebi.ac.uk/efo/EFO_1001494	GCST003268	Genome-wide genotyping array
2016-10-14	26626624	Stuart PE	2015-11-28	Am J Hum Genet	www.ncbi.nlm.nih.gov/pubmed/26626624	Genome-wide Association Analysis of Psoriatic Arthritis and Cutaneous Psoriasis Reveals Differences in Their Genetic Architecture.	Psoriasis vulgaris	4,007 European ancestry cases, 4,934 European ancestry controls	up to 9,075 European ancestry cases, up to European ancestry 12,726 controls	16p13.13	16	11271643	PRM3, SOCS1	RMI2			ENSG00000175643			rs367569-C	rs367569	0	367569	intron_variant	0	NR	3E-7	6.522878745280337		1.128	NR	Illumina [up to 11532644] (imputed)	N	psoriasis vulgaris	http://www.ebi.ac.uk/efo/EFO_1001494	GCST003268	Genome-wide genotyping array
2016-10-14	26626624	Stuart PE	2015-11-28	Am J Hum Genet	www.ncbi.nlm.nih.gov/pubmed/26626624	Genome-wide Association Analysis of Psoriatic Arthritis and Cutaneous Psoriasis Reveals Differences in Their Genetic Architecture.	Psoriasis vulgaris	4,007 European ancestry cases, 4,934 European ancestry controls	up to 9,075 European ancestry cases, up to European ancestry 12,726 controls	11q24.3	11	128536543	ETS1	ETS1			ENSG00000134954			rs3802826-A	rs3802826	0	3802826	non_coding_transcript_exon_variant	0	NR	1E-7	7.0		1.124	NR	Illumina [up to 11532644] (imputed)	N	psoriasis vulgaris	http://www.ebi.ac.uk/efo/EFO_1001494	GCST003268	Genome-wide genotyping array
2016-10-14	26626624	Stuart PE	2015-11-28	Am J Hum Genet	www.ncbi.nlm.nih.gov/pubmed/26626624	Genome-wide Association Analysis of Psoriatic Arthritis and Cutaneous Psoriasis Reveals Differences in Their Genetic Architecture.	Psoriasis vulgaris	4,007 European ancestry cases, 4,934 European ancestry controls	up to 9,075 European ancestry cases, up to European ancestry 12,726 controls	6p21.33	6	31298313	HLA-B, HLA-C	LINC02571			ENSG00000256166			rs4406273-A	rs4406273	0	4406273	intron_variant	0	NR	2E-312	311.69897000433605		3.38	NR	Illumina [up to 11532644] (imputed)	N	psoriasis vulgaris	http://www.ebi.ac.uk/efo/EFO_1001494	GCST003268	Genome-wide genotyping array
2016-10-14	26626624	Stuart PE	2015-11-28	Am J Hum Genet	www.ncbi.nlm.nih.gov/pubmed/26626624	Genome-wide Association Analysis of Psoriatic Arthritis and Cutaneous Psoriasis Reveals Differences in Their Genetic Architecture.	Psoriasis vulgaris	4,007 European ancestry cases, 4,934 European ancestry controls	up to 9,075 European ancestry cases, up to European ancestry 12,726 controls	1q21.3	1	152619708	LCE3A	LCE3B - LCE3A	ENSG00000187238	ENSG00000185962		5610	3126	rs4845454-T	rs4845454	0	4845454	intergenic_variant	1	NR	4E-12	11.397940008672037		1.164	NR	Illumina [up to 11532644] (imputed)	N	psoriasis vulgaris	http://www.ebi.ac.uk/efo/EFO_1001494	GCST003268	Genome-wide genotyping array
2016-10-14	26626624	Stuart PE	2015-11-28	Am J Hum Genet	www.ncbi.nlm.nih.gov/pubmed/26626624	Genome-wide Association Analysis of Psoriatic Arthritis and Cutaneous Psoriasis Reveals Differences in Their Genetic Architecture.	Psoriasis vulgaris	4,007 European ancestry cases, 4,934 European ancestry controls	up to 9,075 European ancestry cases, up to European ancestry 12,726 controls	6q23.3	6	137878280	TNFAIP3	TNFAIP3			ENSG00000118503			rs610604-G	rs610604	0	610604	intron_variant	0	0.3201	5E-17	16.30102999566398		1.2	NR	Illumina [up to 11532644] (imputed)	N	psoriasis vulgaris	http://www.ebi.ac.uk/efo/EFO_1001494	GCST003268	Genome-wide genotyping array
2016-10-14	26626624	Stuart PE	2015-11-28	Am J Hum Genet	www.ncbi.nlm.nih.gov/pubmed/26626624	Genome-wide Association Analysis of Psoriatic Arthritis and Cutaneous Psoriasis Reveals Differences in Their Genetic Architecture.	Psoriasis vulgaris	4,007 European ancestry cases, 4,934 European ancestry controls	up to 9,075 European ancestry cases, up to European ancestry 12,726 controls	2p16.1	2	60856371	FLJ16341, REL	REL-DT			ENSG00000228414			rs62149416-T	rs62149416	0	62149416	intron_variant	0	NR	4E-12	11.397940008672037		1.165	NR	Illumina [up to 11532644] (imputed)	N	psoriasis vulgaris	http://www.ebi.ac.uk/efo/EFO_1001494	GCST003268	Genome-wide genotyping array
2016-10-14	26626624	Stuart PE	2015-11-28	Am J Hum Genet	www.ncbi.nlm.nih.gov/pubmed/26626624	Genome-wide Association Analysis of Psoriatic Arthritis and Cutaneous Psoriasis Reveals Differences in Their Genetic Architecture.	Psoriasis vulgaris	4,007 European ancestry cases, 4,934 European ancestry controls	up to 9,075 European ancestry cases, up to European ancestry 12,726 controls	1p36.11	1	24966593	RUNX3	RUNX3 - MIR4425	ENSG00000020633	ENSG00000264371		1472	56910	rs7536201-C	rs7536201	0	7536201	TF_binding_site_variant	1	NR	2E-8	7.698970004336019		1.133	NR	Illumina [up to 11532644] (imputed)	N	psoriasis vulgaris	http://www.ebi.ac.uk/efo/EFO_1001494	GCST003268	Genome-wide genotyping array
2016-10-14	26626624	Stuart PE	2015-11-28	Am J Hum Genet	www.ncbi.nlm.nih.gov/pubmed/26626624	Genome-wide Association Analysis of Psoriatic Arthritis and Cutaneous Psoriasis Reveals Differences in Their Genetic Architecture.	Psoriasis vulgaris	4,007 European ancestry cases, 4,934 European ancestry controls	up to 9,075 European ancestry cases, up to European ancestry 12,726 controls	1p36.11	1	24192153	IFNLR1	IFNLR1 - GRHL3	ENSG00000185436	ENSG00000158055		4194	7405	rs7552167-G	rs7552167	0	7552167	regulatory_region_variant	1	NR	3E-11	10.522878745280337		1.26	NR	Illumina [up to 11532644] (imputed)	N	psoriasis vulgaris	http://www.ebi.ac.uk/efo/EFO_1001494	GCST003268	Genome-wide genotyping array
2016-10-14	26626624	Stuart PE	2015-11-28	Am J Hum Genet	www.ncbi.nlm.nih.gov/pubmed/26626624	Genome-wide Association Analysis of Psoriatic Arthritis and Cutaneous Psoriasis Reveals Differences in Their Genetic Architecture.	Psoriasis vulgaris	4,007 European ancestry cases, 4,934 European ancestry controls	up to 9,075 European ancestry cases, up to European ancestry 12,726 controls	3q12.3	3	101944711	NFKBIZ	RDUR			ENSG00000214407			rs7637230-A	rs7637230	0	7637230	intron_variant	0	NR	4E-8	7.3979400086720375		1.18	NR	Illumina [up to 11532644] (imputed)	N	psoriasis vulgaris	http://www.ebi.ac.uk/efo/EFO_1001494	GCST003268	Genome-wide genotyping array
2016-10-14	26626624	Stuart PE	2015-11-28	Am J Hum Genet	www.ncbi.nlm.nih.gov/pubmed/26626624	Genome-wide Association Analysis of Psoriatic Arthritis and Cutaneous Psoriasis Reveals Differences in Their Genetic Architecture.	Psoriasis vulgaris	4,007 European ancestry cases, 4,934 European ancestry controls	up to 9,075 European ancestry cases, up to European ancestry 12,726 controls	5q33.3	5	159337169	IL12B	IL12B - LINC01845	ENSG00000113302	ENSG00000253298		6306	111387	rs7709212-T	rs7709212	0	7709212	intron_variant	1	NR	2E-42	41.69897000433602		1.364	NR	Illumina [up to 11532644] (imputed)	N	psoriasis vulgaris	http://www.ebi.ac.uk/efo/EFO_1001494	GCST003268	Genome-wide genotyping array
2016-10-14	26626624	Stuart PE	2015-11-28	Am J Hum Genet	www.ncbi.nlm.nih.gov/pubmed/26626624	Genome-wide Association Analysis of Psoriatic Arthritis and Cutaneous Psoriasis Reveals Differences in Their Genetic Architecture.	Psoriasis vulgaris	4,007 European ancestry cases, 4,934 European ancestry controls	up to 9,075 European ancestry cases, up to European ancestry 12,726 controls	19p13.2	19	10707416	ILF3, CARM1	QTRT1			ENSG00000213339			rs892085-A	rs892085	0	892085	intron_variant	0	NR	8E-7	6.096910013008056		1.114	NR	Illumina [up to 11532644] (imputed)	N	psoriasis vulgaris	http://www.ebi.ac.uk/efo/EFO_1001494	GCST003268	Genome-wide genotyping array
2016-10-14	26626624	Stuart PE	2015-11-28	Am J Hum Genet	www.ncbi.nlm.nih.gov/pubmed/26626624	Genome-wide Association Analysis of Psoriatic Arthritis and Cutaneous Psoriasis Reveals Differences in Their Genetic Architecture.	Psoriasis vulgaris	4,007 European ancestry cases, 4,934 European ancestry controls	up to 9,075 European ancestry cases, up to European ancestry 12,726 controls	13q14.12	13	44760058	LINC00330	LINC00407 - LINC00330	ENSG00000237585	ENSG00000235097		59042	39445	rs9533962-C	rs9533962	0	9533962	regulatory_region_variant	1	NR	9E-6	5.045757490560675		1.115	NR	Illumina [up to 11532644] (imputed)	N	psoriasis vulgaris	http://www.ebi.ac.uk/efo/EFO_1001494	GCST003268	Genome-wide genotyping array
2016-10-14	26626624	Stuart PE	2015-11-28	Am J Hum Genet	www.ncbi.nlm.nih.gov/pubmed/26626624	Genome-wide Association Analysis of Psoriatic Arthritis and Cutaneous Psoriasis Reveals Differences in Their Genetic Architecture.	Psoriasis vulgaris	4,007 European ancestry cases, 4,934 European ancestry controls	up to 9,075 European ancestry cases, up to European ancestry 12,726 controls	1p31.3	1	67260421	IL23R	IL23R - RNU4ATAC4P	ENSG00000162594	ENSG00000252116		442	7180	rs9988642-T	rs9988642	0	9988642	regulatory_region_variant	1	NR	7E-14	13.154901959985743		1.4	NR	Illumina [up to 11532644] (imputed)	N	psoriasis vulgaris	http://www.ebi.ac.uk/efo/EFO_1001494	GCST003268	Genome-wide genotyping array
2021-12-14	34594039	Sakaue S	2021-09-30	Nat Genet	www.ncbi.nlm.nih.gov/pubmed/34594039	A cross-population atlas of genetic associations for 220 human phenotypes.	Psoriasis vulgaris	5,072 European ancestry cases, 478,102 European ancestry controls, 206 East Asian ancestry cases, 172,289 East Asian ancestry controls	NA	1p36.11	1	24964519		RUNX3			ENSG00000020633			rs6672420-T	rs6672420	0	6672420	missense_variant	0	NR	7E-10	9.154901959985743		0.1237	[0.084-0.163] unit increase	Affymetrix, Illumina [25844455] (imputed)	N	psoriasis vulgaris	http://www.ebi.ac.uk/efo/EFO_1001494	GCST90018907	Genome-wide genotyping array
2021-12-14	34594039	Sakaue S	2021-09-30	Nat Genet	www.ncbi.nlm.nih.gov/pubmed/34594039	A cross-population atlas of genetic associations for 220 human phenotypes.	Psoriasis vulgaris	5,072 European ancestry cases, 478,102 European ancestry controls, 206 East Asian ancestry cases, 172,289 East Asian ancestry controls	NA	2p16.1	2	60847551		REL-DT			ENSG00000228414			rs1177203-C	rs1177203	0	1177203	intron_variant	0	NR	4E-9	8.397940008672037		0.1211	[0.081-0.161] unit decrease	Affymetrix, Illumina [25844455] (imputed)	N	psoriasis vulgaris	http://www.ebi.ac.uk/efo/EFO_1001494	GCST90018907	Genome-wide genotyping array
2021-12-14	34594039	Sakaue S	2021-09-30	Nat Genet	www.ncbi.nlm.nih.gov/pubmed/34594039	A cross-population atlas of genetic associations for 220 human phenotypes.	Psoriasis vulgaris	5,072 European ancestry cases, 478,102 European ancestry controls, 206 East Asian ancestry cases, 172,289 East Asian ancestry controls	NA	3q12.3	3	101914516		NFKBIZ - RDUR	ENSG00000144802	ENSG00000214407		53494	26343	rs2312786-A	rs2312786	0	2312786	intron_variant	1	NR	1E-9	9.0		0.1403	[0.095-0.185] unit increase	Affymetrix, Illumina [25844455] (imputed)	N	psoriasis vulgaris	http://www.ebi.ac.uk/efo/EFO_1001494	GCST90018907	Genome-wide genotyping array
2021-12-14	34594039	Sakaue S	2021-09-30	Nat Genet	www.ncbi.nlm.nih.gov/pubmed/34594039	A cross-population atlas of genetic associations for 220 human phenotypes.	Psoriasis vulgaris	5,072 European ancestry cases, 478,102 European ancestry controls, 206 East Asian ancestry cases, 172,289 East Asian ancestry controls	NA	5q33.1	5	151090412		TNIP1			ENSG00000145901			rs74817271-A	rs74817271	0	74817271	intron_variant	0	NR	6E-15	14.221848749616356		0.3268	[0.24-0.41] unit increase	Affymetrix, Illumina [25844455] (imputed)	N	psoriasis vulgaris	http://www.ebi.ac.uk/efo/EFO_1001494	GCST90018907	Genome-wide genotyping array
2021-12-14	34594039	Sakaue S	2021-09-30	Nat Genet	www.ncbi.nlm.nih.gov/pubmed/34594039	A cross-population atlas of genetic associations for 220 human phenotypes.	Psoriasis vulgaris	5,072 European ancestry cases, 478,102 European ancestry controls, 206 East Asian ancestry cases, 172,289 East Asian ancestry controls	NA	5q33.3	5	159402519		IL12B - LINC01845	ENSG00000113302	ENSG00000253298		71656	46037	rs12188300-T	rs12188300	0	12188300	intron_variant	1	NR	3E-23	22.522878745280337		0.3952	[0.32-0.47] unit increase	Affymetrix, Illumina [25844455] (imputed)	N	psoriasis vulgaris	http://www.ebi.ac.uk/efo/EFO_1001494	GCST90018907	Genome-wide genotyping array
2021-12-14	34594039	Sakaue S	2021-09-30	Nat Genet	www.ncbi.nlm.nih.gov/pubmed/34594039	A cross-population atlas of genetic associations for 220 human phenotypes.	Psoriasis vulgaris	5,072 European ancestry cases, 478,102 European ancestry controls, 206 East Asian ancestry cases, 172,289 East Asian ancestry controls	NA	6q21	6	111608659		TRAF3IP2 - FYN	ENSG00000056972	ENSG00000010810		1753	51673	rs9481169-T	rs9481169	0	9481169	intergenic_variant	1	NR	7E-12	11.154901959985743		0.256	[0.18-0.33] unit increase	Affymetrix, Illumina [25844455] (imputed)	N	psoriasis vulgaris	http://www.ebi.ac.uk/efo/EFO_1001494	GCST90018907	Genome-wide genotyping array
2021-12-14	34594039	Sakaue S	2021-09-30	Nat Genet	www.ncbi.nlm.nih.gov/pubmed/34594039	A cross-population atlas of genetic associations for 220 human phenotypes.	Psoriasis vulgaris	5,072 European ancestry cases, 478,102 European ancestry controls, 206 East Asian ancestry cases, 172,289 East Asian ancestry controls	NA	6q23.3	6	137918297		TNFAIP3 - SIMALR	ENSG00000118503	ENSG00000226004		34983	24782	rs6933987-T	rs6933987	0	6933987	intergenic_variant	1	NR	2E-8	7.698970004336019		0.1258	[0.082-0.17] unit increase	Affymetrix, Illumina [25844455] (imputed)	N	psoriasis vulgaris	http://www.ebi.ac.uk/efo/EFO_1001494	GCST90018907	Genome-wide genotyping array
2021-12-14	34594039	Sakaue S	2021-09-30	Nat Genet	www.ncbi.nlm.nih.gov/pubmed/34594039	A cross-population atlas of genetic associations for 220 human phenotypes.	Psoriasis vulgaris	5,072 European ancestry cases, 478,102 European ancestry controls, 206 East Asian ancestry cases, 172,289 East Asian ancestry controls	NA	6q25.3	6	159094277		TAGAP-AS1 - FNDC1-AS1	ENSG00000271913	ENSG00000233682		6163	71622	rs2249937-G	rs2249937	0	2249937	non_coding_transcript_exon_variant	1	NR	1E-11	11.0		0.158	[0.11-0.2] unit decrease	Affymetrix, Illumina [25844455] (imputed)	N	psoriasis vulgaris	http://www.ebi.ac.uk/efo/EFO_1001494	GCST90018907	Genome-wide genotyping array
2021-12-14	34594039	Sakaue S	2021-09-30	Nat Genet	www.ncbi.nlm.nih.gov/pubmed/34594039	A cross-population atlas of genetic associations for 220 human phenotypes.	Psoriasis vulgaris	5,072 European ancestry cases, 478,102 European ancestry controls, 206 East Asian ancestry cases, 172,289 East Asian ancestry controls	NA	6p21.33	6	31333042		LINC02571 - HLA-B	ENSG00000256166	ENSG00000234745		31400	20830	rs12212594-C	rs12212594	0	12212594	regulatory_region_variant	1	NR	5E-209	208.30102999566398		1.4454	[1.35-1.54] unit increase	Affymetrix, Illumina [25844455] (imputed)	N	psoriasis vulgaris	http://www.ebi.ac.uk/efo/EFO_1001494	GCST90018907	Genome-wide genotyping array
2021-12-14	34594039	Sakaue S	2021-09-30	Nat Genet	www.ncbi.nlm.nih.gov/pubmed/34594039	A cross-population atlas of genetic associations for 220 human phenotypes.	Psoriasis vulgaris	5,072 European ancestry cases, 478,102 European ancestry controls, 206 East Asian ancestry cases, 172,289 East Asian ancestry controls	NA	19p13.2	19	10366391		TYK2			ENSG00000105397			rs34725611-G	rs34725611	0	34725611	intron_variant	0	NR	4E-13	12.397940008672037		0.1636	[0.12-0.21] unit decrease	Affymetrix, Illumina [25844455] (imputed)	N	psoriasis vulgaris	http://www.ebi.ac.uk/efo/EFO_1001494	GCST90018907	Genome-wide genotyping array
2021-12-14	34594039	Sakaue S	2021-09-30	Nat Genet	www.ncbi.nlm.nih.gov/pubmed/34594039	A cross-population atlas of genetic associations for 220 human phenotypes.	Psoriasis vulgaris	206 East Asian ancestry cases, 172,289 East Asian ancestry controls	NA	6p21.33	6	31271729		HLA-C			ENSG00000204525			rs1050414-G	rs1050414	0	1050414	synonymous_variant	0	0.029861158	6E-14	13.221848749616356		3.1940312	[2.36-4.03] unit increase	Illumina [13429050] (imputed)	N	psoriasis vulgaris	http://www.ebi.ac.uk/efo/EFO_1001494	GCST90018687	Genome-wide genotyping array
2023-03-08	36804406	Al-Janabi A	2023-02-15	J Invest Dermatol	www.ncbi.nlm.nih.gov/pubmed/36804406	Atopic polygenic risk score is associated with paradoxical eczema developing in psoriasis patients treated with biologics.	Paradoxical eczema in biologic-treated plaque psoriasis	88 European ancestry cases, 3,124 European ancestry controls	NA	10q22.1	10	71102192		LINC02622 - UNC5B	ENSG00000259267	ENSG00000107731		143495	110378	rs192705221-A	rs192705221	0	192705221	intergenic_variant	1	0.0119	1E-9	9.0		7.94	[4.09-15.43]	Illumina [7414955] (imputed)	N	atopic eczema, response to xenobiotic stimulus	http://www.ebi.ac.uk/efo/EFO_0000274, http://purl.obolibrary.org/obo/GO_0009410	GCST90162550	Exome genotyping array [HumanOmniExpressExome-8 v1.2, 1.3 and 1.6]
2023-03-08	36804406	Al-Janabi A	2023-02-15	J Invest Dermatol	www.ncbi.nlm.nih.gov/pubmed/36804406	Atopic polygenic risk score is associated with paradoxical eczema developing in psoriasis patients treated with biologics.	Paradoxical eczema in biologic-treated plaque psoriasis	88 European ancestry cases, 3,124 European ancestry controls	NA	11p13	11	35306434		SLC1A2			ENSG00000110436			rs72925168-G	rs72925168	0	72925168	intron_variant	0	0.0276	2E-9	8.698970004336019		4.98	[2.96-8.4]	Illumina [7414955] (imputed)	N	atopic eczema, response to xenobiotic stimulus	http://www.ebi.ac.uk/efo/EFO_0000274, http://purl.obolibrary.org/obo/GO_0009410	GCST90162550	Exome genotyping array [HumanOmniExpressExome-8 v1.2, 1.3 and 1.6]
